<?xml version="1.0" encoding="UTF-8"?><?xml-stylesheet type='text/xsl' href='_UpgradeReport_Files/UpgradeReport.xslt'?><UpgradeLog>
<Properties><Property Name="Solution" Value="calculate">
</Property><Property Name="Solution File" Value="F:\MyDoc\Practice\检测装置\Code\HeatMeter.cs\calculate.sln">
</Property><Property Name="Date" Value="2014年7月10日">
</Property><Property Name="Time" Value="10:09">
</Property><Property Name="Log Number" Value="4">
</Property></Properties><Event ErrorLevel="2" Project="calculate" Source="calculate.csproj" Description="Error converting project file.  The 'RootNamespace' start tag on line 20 position 6 does not match the end tag of 'PropertyGroup'. Line 23, position 5.">
</Event><Event ErrorLevel="3" Project="calculate" Source="calculate.csproj" Description="Not Converted">
</Event><Event ErrorLevel="0" Project="" Source="calculate.sln" Description="The solution file does not require conversion.">
</Event><Event ErrorLevel="3" Project="" Source="calculate.sln" Description="No Conversion Required">
</Event></UpgradeLog>